{
    "test_accuracy": [
        0.6,
        0.4,
        0.4
    ],
    "test_all_accuracy": 0.05,
    "test_all_f1": 0.42857142857142855,
    "test_all_hamming_loss": 0.5333333333333333,
    "test_all_precision": 0.6,
    "test_all_recall": 0.3333333333333333,
    "test_f1": [
        0.7499999999999999,
        0.0,
        0.0
    ],
    "test_hamming_loss": [
        0.4,
        0.6,
        0.6
    ],
    "test_loss": 0.6941642761230469,
    "test_precision": [
        0.6,
        0.0,
        0.0
    ],
    "test_recall": [
        1.0,
        0.0,
        0.0
    ],
    "test_runtime": 0.4144,
    "test_samples_per_second": 48.264,
    "test_steps_per_second": 2.413
}